{
  "IsspItfcParamCameraExtrinsics": {
    "CameraExtrinsics": {
      "comment": "Copy from: IsspItfcParamCameraExtrinsics.CameraExtrinsics.extrinsics",
      "extrinsics": [
        [-0.9655356639799625, -0.09616767134251294, -0.2418537982770954],
        [-0.08291905700679839, 0.9944737910417899, -0.06439796753550224],
        [0.24671054027465514, -0.042124276560735585, -0.9681736540454445],
        [-0.39774068678243776, 0.023064699630140467, 0.5953452132457162]
      ]
    }
  },
  "IsspItfcParamCameraIntrinsics": {
    "CameraIntrinsics": {
      "comment": "Copy individual values from IsspItfcParamCameraIntrinsics.CameraIntrinsics.*",
      "principal_point_X": 1259.174044,
      "principal_point_Y": 1001.371091,
      "focal_length_X": 1038.271869,
      "focal_length_Y": 1038.592443,
      "distortion_k1": 0.76287571,
      "distortion_k2": 0.098954426,
      "distortion_k3": 0.001117539,
      "distortion_k4": 1.130182163,
      "distortion_k5": 0.287574035,
      "distortion_k6": 0.012158208,
      "distortion_p1": 3.65E-05,
      "distortion_p2": 2.97E-05
    }
  },
  "visualization": {
    "meters_to_mm_scale": 1000.0,
    "frustum_scale_factor": 0.7,
    "camera_sphere_radius_mm": 20.0,
    "axes_length_mm": 1500.0,
    "axes_arrow_wing_mm": 300.0
  }
}
